month,DAU_avg,WAU_avg,MAU,orders,ordering_users,orders_per_ordering_user,orders_per_MAU,AOV,revenue,revenue_per_MAU,repeat_order_rate_within_month
2024-01,94.33333333333333,376.25,1083.0,293.0,145.0,2.0206896551724136,0.270544783010157,427.5261433447099,125265.16,115.66496768236381,0.22758620689655173
2024-02,201.13793103448276,842.5,2145.0,751.0,313.0,2.3993610223642174,0.35011655011655013,436.1522636484687,327550.35,152.70412587412585,0.26198083067092653
2024-03,277.03225806451616,1211.0,3196.0,1146.0,482.0,2.3775933609958506,0.35857321652065083,416.8650523560209,477727.35,149.47664267834793,0.22614107883817428
2024-04,341.9,1495.25,3921.0,1436.0,535.0,2.6841121495327105,0.36623310380005103,421.81548050139276,605727.03,154.48279265493497,0.23551401869158878
2024-05,398.5806451612903,1742.75,4795.0,1661.0,599.0,2.7729549248747913,0.34640250260688216,427.5494280553883,710159.6,148.10419186652763,0.2671118530884808
2024-06,453.46666666666664,1935.6,5287.0,2052.0,710.0,2.8901408450704227,0.3881218082088141,425.65320662768033,873440.38,165.20529222621525,0.2802816901408451
2024-07,427.19354838709677,1808.0,5045.0,2191.0,632.0,3.4667721518987342,0.4342913776015857,427.06972615244183,935709.77,185.47269970267592,0.2911392405063291
2024-08,380.96774193548384,1559.75,4665.0,2045.0,576.0,3.5503472222222223,0.43837084673097537,427.52424938875305,874287.09,187.41416720257234,0.3159722222222222
2024-09,356.96666666666664,1422.4,4222.0,1911.0,491.0,3.8920570264765786,0.4526290857413548,428.1055311355312,818109.67,193.77301515869257,0.37067209775967414
